,title,desc,date,datetime,link,img,media,site,reporter
0,Video: The Uncanny Lover,,"Jun 11, 2015",,https://news.google.com/read/CBMihgFBVV95cUxPUUpoOERpZ1Q3bFhHZFNrZGVsejM2Mzcxcnh2dFk5aGlqMHZXa3lXXzVlYUV2VkhpbVEtYmlndHU4YU4yT3NJNklZbm5LZ05WVnBoeVdIMUg4TzNJRXo0cmFzYjFGZUlOZzhqRTJzWjROQ0o3RjdTR0xoV19BMGQ1R185SWxUUQ?hl=en-US&gl=US&ceid=US%3Aen,https://news.google.com/api/attachments/CC8iK0NnNW1UMUZoVDFod01tTlZlSE0xVFJDM0FSaVRBaWdCTWdhcGRaTE5LUWM=-w200-h112-p-df,The New York Times,,
1,Sex robots: Pepper the robot's contract bans users from having sex with it,,"Sep 23, 2015",,https://news.google.com/read/CBMiYkFVX3lxTE9DeHN0WnV4YmlsMHNLMWFIcmg2MlhYeVZhZ1g3eGluNXh4YkpVMG5HNjMyQ01naENGeGN4ODFfdzgwWTdMcV82ZXNxeUYtd1BKUkw3MFVYa3g4Q0NHUWhPWEVB?hl=en-US&gl=US&ceid=US%3Aen,https://news.google.com/api/attachments/CC8iK0NnNWhZMlIyYUhGSFpWODNUbHBpVFJDVEFoaTNBU2dCTWdhSmNJenZPQVk=-w200-h112-p-df,WIRED,,By Ruby Lott-Lavigna
2,In defence of sex machines: why trying to ban sex robots is wrong,,"Sep 17, 2015",,https://news.google.com/read/CBMinwFBVV95cUxPZnhCaG5IVC1xQklMcE9Yal9EQy1rR2Y3SHJoczNkQlpwSmN5am5EQnhaWlM0cy1lSmJhNnZjSEE2bDVCMFhIcU5ndm52MU9NTWliNDFKVWxQaFVFX1VZa0ptTUMwYmUyeGE0cTJYd1Q3ZlUxeEVLa1B0U2FQMkt6ZmI1R2NRUFRzX2xFR1N1QVZMSWs0RjBSRko0cngxWmM?hl=en-US&gl=US&ceid=US%3Aen,https://news.google.com/api/attachments/CC8iK0NnNUxZbVYwYXpRMmJVVjNhMWxwVFJDZ0FSaThBaWdCTWdhQllJNlBwQWM=-w200-h112-p-df,The Conversation,,By Kate Devlin
3,All hail the sex robots! Margaret Atwood’s new book explores how tech meets human fear,,"Sep 23, 2015",,https://news.google.com/read/CBMivAFBVV95cUxNYW1rdE9aQ1lIUjlMMTA2WnpHdVh1QVctTXgya2FoSGZ3VXFUYUhoZU16RndSY0lLWkVXdXlGalhWSTNTZlJHRmFJQ3QxVW9PQUh6M0NnUUVxMDZmeXpNN0pfLVFGTzR5Z3o3emlZQjk3ZjBza2U1bnpKU29GSUp4cl9jTHJMQkphdUZoNEVwY09Uc3hsUHU4NmJtRHZVd2RfRzRRRFAxQWhxdDJNXzI3WUwxWkVWY1VaazlNRw?hl=en-US&gl=US&ceid=US%3Aen,https://news.google.com/api/attachments/CC8iK0NnNTNXbVZFUjA0NVRIVjNUVzU0VFJESkFSajdBU2dCTWdZdFpZN09LUWc=-w200-h112-p-df,The New Statesman,,
4,The Sex Robots Aren't Coming for Our Relationships,,"Sep 30, 2015",,https://news.google.com/read/CBMirAFBVV95cUxQR2JNajZ3S3RfRHdPRkpvTElvTVk0T282akxwc0FEUElGZmRlc2Q2M2VWcXVTdk5ua3JDb1IycWFVbVk4dnV2M0ZzdG9EWnl5dXp6OFkySVFQTmhUQ0NQS1ZfU1Fmd0JNOEVXRkpLdnlXTU91OE1PUDJ6a21RSW4wR3BEckpEVVRodm1xNlFvZm9ULXk3RkFqd3RTdEZSc2VRbmtTTUdYWUc1MWhH?hl=en-US&gl=US&ceid=US%3Aen,https://news.google.com/api/attachments/CC8iL0NnNWZjV3BDVkZOTlUweGhhM2RZVFJDb0FSaXNBaWdCTWdreEE0cVB1U1ZGNUFJ=-w200-h112-p-df,The Atlantic,,By Julie Beck
5,Ethicists start Campaign Against Sex Robots,,"Sep 17, 2015",,https://news.google.com/read/CBMinAFBVV95cUxPM1BMRVhQQWVzRzRHcVZkS0JUVmhGQlBRUFpFWUJXZFZOUmdzVU91Q05SNXF0NUdTc01SajNxVEtmQ3FHZnBESk11VVZQWkJheGt1ZklwSjFIY1pwVWpEei1FQjcxcm94amxzN0plc0x3UmhRMDB3ekRka0huai1qNUdkYVhvcFcwLU1CVjRQNjRENU02MC01N1kyaUfSAaIBQVVfeXFMTWx3LWVJUlNGc2swNEhpbEVlX2FFejFIS0R0azJPS2JHT0dZTGE3cFFfaEktaE1ZX0kwUWFlcHBpT2FUaGJ0R19UX2VMTzJ2UlZqMlNsQzdULU5mOTMwdjFnVEU0bXg1MmJwZHNrblBwYTA5VkQ1N2J0U2hCUUZjbW50X3JIQVpUd1F2Q3NTTTBnMkV1eGJKSVFEaVptY0NqRTBB?hl=en-US&gl=US&ceid=US%3Aen,https://news.google.com/api/attachments/CC8iL0NnNVlOMGh6V25kakxXOWtUVlZQVFJEQ0FSaURBaWdCTWdtNUlZeFJ1ZVUxeFFJ=-w200-h112-p-df,Business Insider,,By Marie Del Prado & Guia Marie Del Prado
6,Richard Herring: Robot sex is not at all sleazy and shouldn’t count as infidelity,,"Jul 29, 2015",,https://news.google.com/read/CBMiuwFBVV95cUxOSjh0T1RMSDM2b0dEaGhsODRUV0d1NjBsb29pcF95SXQ4UjBlWEs1NXFDcDI0YlJyUGVxejdSajNNd05maGhjR1VVVTFlcjhET0syMFhPVjJhdkJuRDBFQ0QwX0cwdkJfbWpKcFp6LV9GY2o0bkZSZXh6Nkd1dlZFRkNJMmF4Vy1WZ3lQZGFJSDk3RjRLMmQzWUtYc21pS25yaXJIV1hjSTVRTnZBMXRXenVSN21OdGYtUk4w0gHAAUFVX3lxTE9hMUh3ZnZUM2F1b3lMYVJhRldRQlYySXlKb0c1a0NJQTYyb3k4bnZnVk52QmV3Tno2WndsLU9UM0l0cnU1WHRUWmltYWRYUU9fNi1rWUZyWi1kLUk4TXpieG1GWHlaeEFFUnRscVdscVFkT1ZOczJBMGpmRnhrdVpuZEplbVMxVUZENjRxR1h4WWVTbmtucTZDOUc5OGo3ekx2UWgwMmQ2bGNqZk1fV1U3U25VR2JYSnpwZ05CYWZJYg?hl=en-US&gl=US&ceid=US%3Aen,https://news.google.com/api/attachments/CC8iK0NnNXlNVGQzVEZwZk1DMVFRVFZrVFJDTEFoaTlBU2dCTWdZUkU0Yk5rUW8=-w200-h112-p-df,Metro.co.uk,,
7,Sex-doll maker tells The New York Times why his forthcoming sex robot won't be as realistic,,"Jun 15, 2015",,https://news.google.com/read/CBMiswFBVV95cUxQZUNjSTRMcnRfNXg3Qk9zcmczRjVJQTJ2ODZJdEVRYWl5RWl6Umxsdl80dkdxT0ZHdXFGb0ZwaElTUU9uUUNpdE55dE1VWG9tbkMwekFMRDNQMDAxTUhQSWxvVEFRUUZYeFBOT1BzejBLNThhN3N2RUl1QzlFUzFxZm85ZXR5cTlFbS11cXhvMU5CQWZLTjRsbkZKN3N6RzlEZVRneEF1dm5FYUxwR2RhbF9fcw?hl=en-US&gl=US&ceid=US%3Aen,https://news.google.com/api/attachments/CC8iL0NnNVdVak5JT0VOdVRETk5aRzAwVFJDMUFSaVhBaWdCTWdrTk1vNW9saW85NmdF=-w200-h112-p-df,The Week,,By Peter Weber
8,Campaign Launched Against 'Harmful' Sex Robots,,"Sep 15, 2015",,https://news.google.com/read/CBMilwFBVV95cUxPTmxLcGI2VzY4RnNubk50OFM0MGdWXzlJWWRES2xxeXpmcnd4N0NwQ3dCempVNlpVSXRUYm9fMDZDazdpbDd4b2hCUWcycXZPcU9tZkRPeU5xREdVcjczMURCcFoyRzJwOGE5X0drX3VCXzJBaUJ2VTVxN3M4UjRETzR3WkZFSDQ2XzJRTDVuYXFZdTc2MVo40gFWQVVfeXFMTmFqd3pwWDhzMlhmOFdtSWdMSGhiSEx6ekxRZ0ZyTk5mcFFNWFVqTHloY1JneGpfQ2xnajhWcHoyX20tckdjbFhIb3JmU3N4cks2cFBHY2c?hl=en-US&gl=US&ceid=US%3Aen,https://news.google.com/api/attachments/CC8iK0NnNWFjRXRsYVdaSFIzWk5RekJZVFJDM0FSaVRBaWdCTWdZbHhvYnNRUVU=-w200-h112-p-df,NBC News,,By Holly Ellyatt
9,"Futurologist: By 2050, Most of Us Will Be Having Sex With Robots",,"Oct 2, 2015",,https://news.google.com/read/CBMiYkFVX3lxTE9pVTNRdGo2TG1KMGVONG5zd3BHNk5yLUQtTVpnZVNRYjZqZUxpeEdCWTVITWgxTEVFeUllQjlSME9HRW92UlZmVXlCcm5FMGViRlJpM2s0X1VNdTljaGI4OHhB?hl=en-US&gl=US&ceid=US%3Aen,https://news.google.com/api/attachments/CC8iK0NnNDJiMkU0TWxOcWFqZFFUMVJVVFJEQ0FSaURBaWdCTWdhWk1aWUxJUWs=-w200-h112-p-df,Inverse,,By Ben Guarino
10,Academics Weigh in on the Ethics of Having Sex with Robots,,"Sep 18, 2015",,https://news.google.com/read/CBMilgFBVV95cUxPYUtaZjFwNS1EeVBrZGdMNU1KSkk3WGxYNnp4bEpJd2x5ZVhPNExpdS0xNkRxTW45dUxuUUtXMW1Nb2RkT3Y3VGtweUE3QmVzVFNZNHRrRXpLRGxZZTBsNlNtOXQ5MVZCUTRzNTg0T3Y3c0ExT2NBTlk4d0tvbndJQWFpWXNicjNsSDhCVU1fbUtraVNXRFE?hl=en-US&gl=US&ceid=US%3Aen,,VICE,,By Zing Tsjeng
11,A Call to Ban Sex Robots,,"Sep 17, 2015",,https://news.google.com/read/CBMid0FVX3lxTE9YQWZXQjMtdlNaUlhBWlJSSmVuR2h2VlQyV1NpS05PcTFwbEdOcU9KM2QtaUYwSGFWcGlXS1NBRFotQ3NEaFFLd2JEa1hXTXRBVDZIcUlKRm92RjVtXzJrYWdnR2ZVdFhiR2h5Qjk0TnVqUGpadDl3?hl=en-US&gl=US&ceid=US%3Aen,https://news.google.com/api/attachments/CC8iL0NnNXZka3B1V0dkU1dVSk9URVZLVFJDMkFSaVZBaWdCTWdtTkFvd1VEZXl4NUFJ=-w200-h112-p-df,DISCOVER Magazine,,By Jeremy Hsu
12,Warning: Please don't have sex with the robot,,"Sep 28, 2015",,https://news.google.com/read/CBMingFBVV95cUxQbTl1ZXNpOWs5Tk1CUHNGSWl0ZDdUREktOWJmd2VlVC1rbXBzSXR3ZU9qSXFvcV9QVXFMcDh1MzJMVE1ZMjhFbkVQM2RxYkNVNDBzZFB4cHJJbTFGcFgtTlU0bGczNFNQZ1RReWREUEpoOFhWV3dUR1ZNU2lERXQtNlluME9fbzRYdFh3dGhIcGdpYlBxa0ZGOVpsNXB4Zw?hl=en-US&gl=US&ceid=US%3Aen,https://news.google.com/api/attachments/CC8iK0NnNU9RbE5OY1dSUmFucFJUMmR1VFJDb0FSaXNBaWdCTWdZcEFaN05sUW8=-w200-h112-p-df,USA TODAY,,By Kirk Spitzer
13,"Sex, Love, and Robots",,"Mar 3, 2015",,https://news.google.com/read/CBMiX0FVX3lxTE5XUjRPRkNEOWpUZjRhUG1yNzhqM0hyWVZpR3hIZXR1dnRLeEFmNG9nMUtBWG1yNkVjYWFwRG9YZVBaYUVtR2pDTXdwUV9Ed3VtQXRDa25EdmpiOUNhSng0?hl=en-US&gl=US&ceid=US%3Aen,https://news.google.com/api/attachments/CC8iK0NnNDRhMFY1V0RGT1dHRnZkalIzVFJEQ0FSaURBaWdCTWdZWkpaek1HUW8=-w200-h112-p-df,Reason,,By Elizabeth Nolan Brown
14,The Sex-Robot Panic Will Be Just Like Every Other Sex Panic,,"Sep 16, 2015",,https://news.google.com/read/CBMicEFVX3lxTE5LSng2VnhyNU02MEZQNVNNaTgyaS0ySV9rQTZybVZQS1hKYnlOdVhmNE8yckx1LUs2ejF6OF9LREdXUVBxVGpSZTNpYktHUDN4dHlwWjZfM3RGbWlwRXlfUVM2WHRRazhWc1Q3ZHhlaWg?hl=en-US&gl=US&ceid=US%3Aen,https://news.google.com/api/attachments/CC8iK0NnNWFZa05MTWpNNVJITk5OR2cxVFJEZ0FSamdBU2dCTWdhbEZZenRGUW8=-w200-h112-p-df,The Cut,,By Jesse Singal
15,Scientists Fear Sex Robots Could Be Bad For Society,,"Sep 15, 2015",,https://news.google.com/read/CBMigwFBVV95cUxPdVB4TklUVkZKbWdhaEJ5Q1VhaUczd3VLTFA5ODB3NVlfZHZZZWtidExtbHZrXzNUUnBKMjBZRjBxVWZNYTRRTEhrV2IyMEJ6MmhFMVBWaU8yZ1BGZkc4YngtbGFxLW9vSXZjRlB1cm9IaE1sdlkwa29XdDNLUlM2THZyb9IBiAFBVV95cUxOTHctb3FkazFzTU9YWTQwWFYtc09wcHdKMVJsSldVTEhwc0haejJhRTZzRHFFZERUSXpUM2dhUlpxWmJxQ0ZZMzhlaGprTHFsQ2JBSW1BN2Q0Vk1DMkJZejI5Z01QdkRIdERfSnZYcENxLVdYOHJOLVBPVVJ3VWpZcVJ0QTI0dTE4?hl=en-US&gl=US&ceid=US%3Aen,https://news.google.com/api/attachments/CC8iK0NnNVBPRlY2Y1dKWFJGbHRXR1ZwVFJDb0FSaXNBaWdCTWdhaFpZRHNMUVU=-w200-h112-p-df,HuffPost,,By Hilary Hanson
16,Should we ban sex robots?,,"Sep 18, 2015",,https://news.google.com/read/CBMif0FVX3lxTE8zaWdyLTQ3Y3ZzRUZhVlRjTC03cmp1YVJiOWVaNkd1U1dMUkVrRW10UDRtaEdFMGNpMVAtOUR1NS1OMnpVeDBuSkZodDZLcDJ1RERDRFVQcFh5cW53aW83a0hid0o0SDdITjNuMHI2WG81QTNMc1FYN290MHdnUHc?hl=en-US&gl=US&ceid=US%3Aen,https://news.google.com/api/attachments/CC8iK0NnNVJZekJTVG1KUE1tcFRWblpoVFJERUFSaUJBaWdCTWdhaEpvZ3JsZ2s=-w200-h112-p-df,The New Statesman,,By Barbara Speed
17,Campaign calls for ban on sex robots,,"Sep 15, 2015",,https://news.google.com/read/CBMiZ0FVX3lxTE5LZThzeDZmdWJ2NnZxSENoME5UZUdzdjk4V0IxejRWMTNrbm9Id0h3Um9GSllvSnBnTkRKeXVmTXRVTG95aGxycjVQLXhkMS1XSllXS3RIMUI2Mk53TjlvU3g4d2VZaWc?hl=en-US&gl=US&ceid=US%3Aen,https://news.google.com/api/attachments/CC8iK0NnNWhZMlIyYUhGSFpWODNUbHBpVFJDVEFoaTNBU2dCTWdhSmNJenZPQVk=-w200-h112-p-df,WIRED,,By James Temperton
18,Sex Dolls That Talk Back (Published 2015),,"Jun 11, 2015",,https://news.google.com/read/CBMihAFBVV95cUxNOHBjZDF1ZktvSzRiTm9YblpuNm1LZ0JRR1FpZS15TklPa25RZjlCQkN1VXp1V2g1UGhid2FQaGtPTVBkM1pMbGloSVAtV0pGd1RtTzdyQzZkYjNJaWZ1OGN5ZTJoSnZOcU9PX0hOWC1ob3A1ZXoxbC1uMkNSNHRoY2ZnbG0?hl=en-US&gl=US&ceid=US%3Aen,https://news.google.com/api/attachments/CC8iK0NnNW1UMUZoVDFod01tTlZlSE0xVFJDM0FSaVRBaWdCTWdhcGRaTE5LUWM=-w200-h112-p-df,The New York Times,,
19,"Should we ban sex robots? Some scientists say yes, I say no",,"Sep 21, 2015",,https://news.google.com/read/CBMiigFBVV95cUxNZXRHWk81eS1mWnhPQk5YVHU0R2VsSXRVWTROVVhIdUlPYnNXOG1VTm4tRVBLMU0wLVFXRlNiRHRkTm12eWY3czRETTR5bkZSSC1uVVNkZmJkY3I4clg3T0dsbjZXT0ZUaHF4bk1xR3FpNzFmMTJPdURkRzdZR1Q2QVRubHBqd29PNlE?hl=en-US&gl=US&ceid=US%3Aen,https://news.google.com/api/attachments/CC8iK0NnNXBabUl6YVdocVUwUlRNWEZuVFJEaEFSamhBU2dCTWdZUlVKb0xtZ2s=-w200-h112-p-df,CNET,,By Bonnie Burton
20,"Campaign Against Sex Robots Launches, Because Some People Will Panic About Anything",,"Sep 15, 2015",,https://news.google.com/read/CBMidkFVX3lxTE1Ha21BTTY2UDZjYllNWmRiUEE4MXNwaGpLNWFMWFRZVFpWVXY5OGowN3JvM05mRVh1U1g5blZ1M2ZWNzFRdmhpTTlqemdFai01cXBLSVBrYlpIS19NYnJiU3pxU0ZLNkhNVk8tbVc4Y1ZOS0J4cXc?hl=en-US&gl=US&ceid=US%3Aen,,Reason,,By Elizabeth Nolan Brown
21,The Sex Robot Of The Future Is Here And We're A Little Scared,,"Jun 14, 2015",,https://news.google.com/read/CBMijAFBVV95cUxOTEN2ZEJfYklqc1FXbm9vY18wbHJXd3ZDRnFfclhTQ3JOeEIwZlQ0UTZueUR1UkNSaHRYeC1Ba2NPWFdWM1g4TlUwTnFhaHVObXFjUUp2RU00d3Vmdmdnd1RzcUx1V0w3X0toT0F3UTEtTUl6MllkOWdWSDRrMkFlZEpDUmxxbWNGQ2FEdw?hl=en-US&gl=US&ceid=US%3Aen,https://news.google.com/api/attachments/CC8iK0NnNXZjVkpVWW5CdVNEVm1MVTA0VFJDZkFSaS1BaWdCTWdhZEVvcE9wUWc=-w200-h112-p-df,CinemaBlend,,By Catarina Cowden
22,Artificial intelligence: coming to a sexbot near you,,"Jun 15, 2015",,https://news.google.com/read/CBMimgFBVV95cUxOQ1FRdkw2b01xcVVVR0VaZlhhbkJiT0N5bmNkZENwblVvbjdqTUtxdHhKZng5WXh6V1cxQ2ZMUkUyMUVFU1VVSGR6RGI4Z0c0UUJSS3p0MG5za1FObDVoTG9TYTVadDBXQWo2ZGtZUmdMVnBCakg5Uk0xeldHVkVsdXNtVnl0NVpBZlZicjZhS1A5cHBXSnlnZnpn?hl=en-US&gl=US&ceid=US%3Aen,https://news.google.com/api/attachments/CC8iK0NnNW1WekJzV2kxdVpqaEZiRUZ1VFJDb0FSaXNBaWdCTWdhdEVvb3lGUWs=-w200-h112-p-df,ExtremeTech,,By Aaron Krumins
23,Sex robots are definitely coming in the future,,"Sep 29, 2015",,https://news.google.com/read/CBMigwFBVV95cUxOQVd6RTk4YzJVUFdlVUlsREhkcGRwTnhkcmx6cU0xNWNXWnBPVkpLVzhuMVpMMEVXbEZmT1dRTlhpZDc2ZHQ0UmNUcjFDWHVTT2U2RnEwN1hldWlFOWVvajF2QVNxamFub2lFRG1CY18waHFhRXlGMTNRS18zRDlzamdJcw?hl=en-US&gl=US&ceid=US%3Aen,https://news.google.com/api/attachments/CC8iK0NnNUpNVTE2TlhGS09ITjRTVUV5VFJDM0FSaVRBaWdCTWdhbFFaUU5vUWc=-w200-h112-p-df,New York Post ,,
24,Campaign started to ban sex robots,,"Sep 15, 2015",,https://news.google.com/read/CBMimgFBVV95cUxOZHVRRXVTenlsSE1QdVdVYTFoZnhBNWJFUnR6dTJ6TDZjTF8xck1GLVlhSVhHWlZpd1dtTWlHa3FWMEJxU0NacVhobnVWamYzSDBmeWhoSEdkSXZnY3FWcHlRR0tnUFZhZmlkZTZ0YXFCNmlBRnNIZlc1bWhXd3JGS2E5VHlfUWw4a3dBeWFlcG5yMU9naTRzQnZR?hl=en-US&gl=US&ceid=US%3Aen,https://news.google.com/api/attachments/CC8iL0NnNXVOMVZoVkY4NFdHNU5lbTVKVFJDb0FSaXJBaWdCTWdrQlFKQ05vQ2hURUFJ=-w200-h112-p-df,Dazed,,By Natalie Turco-williams
25,9 Movie Sex Robots Ranked In Order Of Doability,,"Mar 26, 2015",,https://news.google.com/read/CBMihgFBVV95cUxNOHZvNmYxUm5hWUN6azdURXFyVjJBeDBNSVBnc0NvZWY2WmszVnlHaU5kTzFtUkRiQjVYWDQ1UVo2eWdlNDNmLUI2U09mLUFBenpPclBObFVucUhuNm9qc1E4UExkXzRKdUNyZ2VZNVJ6MkVQS2tTRms3dHVnT0ZQSXRKR21Fd9IBkAFBVV95cUxNSkFNdnBhT0NIZ3JQWFVoTmppSGttUy1YbUJLV2xrdG10MmVpQUpGaS0tWU5zVVNtVVozM2kxNkdyV2dhWlBxV2xMX2NKSU9BVnpLOWVBR0I5T0FiRmwwM05JLTgybzdmWGFTRl9mZy1nNkRNeVMyYTl6V2V5TzdJeXU0aHJLcEFlZFo1d2dBMzg?hl=en-US&gl=US&ceid=US%3Aen,,Thrillist,,By Andrew Lasane
26,Will Sex Robots of the Future Actually Be Able to Improve Our Sex Lives?,,"Nov 25, 2015",,https://news.google.com/read/CBMifkFVX3lxTE1BUktYVFNqZm83LWtLdEpRaEdBZmtfMXR2dW03WHY1N0NRaExvak9EOElqeEFESE9McVZjQXRYR285WXBnbUhoc1E2SkhsZnNqcEhBcjQ5ckJrRVRoVmRaZDh4RXR5cFNPVk14RlhGWUUyOHFVN00tQmhLTjZ2dw?hl=en-US&gl=US&ceid=US%3Aen,https://news.google.com/api/attachments/CC8iL0NnNUdiRzFJTTFwNlNHdEJkV05UVFJDc0FSaWxBaWdCTWdreEE0cVBQU1ZGNUFJ=-w200-h112-p-df,Yahoo! Voices,,
27,Malaysia Bans International Sex Robot Symposium,,"Oct 13, 2015",,https://news.google.com/read/CBMie0FVX3lxTFAydXFvdTlrVklTUG10c1VjdmVFVlQ2RjdVcGM5anAxZ1FwN29TN3MybFh4Q1BlbWNOeDMzSFdOMDZCbk9qVEdGamNjem9ERU04ZjRoeDhqN2Vqa3UxbXFRTDlpaS1aMWF1cTh5akFOSDRzQ1lQb29tUlZnYw?hl=en-US&gl=US&ceid=US%3Aen,,Reason,,By Elizabeth Nolan Brown
28,10 sex robots you can actually make love to TODAY,,"Jun 16, 2015",,https://news.google.com/read/CBMikwFBVV95cUxOeGw0MTVRU21WTXhxUmk5MGdQT3RZQ3ZNc1F4WVRMYWFLM3hycGJrcEVXbnpHOHFRUXpzUzJzaDd4WnVQclVTS3BBR2ExUUg3VlJEVTVJZlBBWU45X3F3MWJ5bG1rV2Nodm0wVHkwdlNaYkI3VWIyRl9MMDFiZWlpQ0ttZVRkdEtUb2lQbUdkeEVBdkHSAZgBQVVfeXFMTzlfbFNMODVmcWlnd0FiTjJlY003M09MWHZqRkl5RGU5ZzdxUV9MSXhJckxUbWp4S2FranhCOEk5R1VLWjV2NmVLRThySHI1dkt6MWJOMkF4YjRCaUYxdGRVYzNtbDZ5N0pzMnVMWnhRaXRMY1RRbWtQZ0d6YktDVUdoUkNvZDhPODNMZFlCcnh5cFlqVWk3M0Y?hl=en-US&gl=US&ceid=US%3Aen,https://news.google.com/api/attachments/CC8iJ0NnNTJlbmhVVFdwUFowRnVXR015VFJDakFSaTJBaWdCTWdNQmtCSQ=-w200-h112-p-df,Metro.co.uk,,By Rob Waugh
29,"Sex, love and robots: is this the end of intimacy?",,"Dec 13, 2015",,https://news.google.com/read/CBMilAFBVV95cUxQUU5zY3pTSmkzZDMyWFFJaXVlZGMwQ0x3V1NiUGtxMnF2Ry1vQk44WlZfSXVOTzNCN3dFNXF3OTF0WFpObmUteVpwdmRrTlo5eUo5OE9YcDdiNnplSS0wTlVQX1drYTh5MkNnNmJibzdvenR0WkswU05RQUllWlIzb3BEekphVFJQRjE0cVBmNlEtbVZZ0gGUAUFVX3lxTE9RT051QmczemNBcVRhV2sxYWdNNnVyS055dW9WQjllanFWMlFIR015bnhVU3luaU1pQ2std3l0YkhOMkxPcHRoTW44VThZUm8xTkhqUDJmUHFiYzlIOTg1MmNReDl4RDlDTFZjendRNVg1dEk2bEtuSjVUUDllb0NVdGdMWHhjNDZzZzlWQUZhcklKbTQ?hl=en-US&gl=US&ceid=US%3Aen,https://news.google.com/api/attachments/CC8iL0NnNVNSR2M1ZWsxa2NYUm5VVXB0VFJDakFSaTJBaWdCTWdtdEE0QlBaZUZ6WlFJ=-w200-h112-p-df,The Guardian,,By Eva Wiseman
30,"BAN the ROBOT WHORES, says robot whore expert: 'These AREN'T BARBIES'",,"Sep 15, 2015",,https://news.google.com/read/CBMifEFVX3lxTE1KNjdxQmZyQ2tnR1l4cVRQNDMxdURPTmxkS1lOWGhzUmp6anBYTnFuaElFSEJweW9CdlFBbUczODFaOU83RTdSNkRGWGIxb0FBcHVRTFJKcUZPeHZudEVmUU9zanRkbUFMU0FEMGlTbmU3MUp6ZW9DSVQzdkXSAYIBQVVfeXFMUHI2MkU1T2I1b28zTTctTEpOYk5aSnh5UjhqLTBWUWxsZWU1UFJKcVp5S0tUcHRMQTIxcWlVaVR3dkZielc0MDlOUFR5S3ZKZ1FwOFFJb0ZNM1Rra05qa3ZpNW05MldfdU9GaXk3SV92TkRFSUFNRjdXUTdraEtTWmM4Zw?hl=en-US&gl=US&ceid=US%3Aen,https://news.google.com/api/attachments/CC8iK0NnNVhNRkpNWDA1WGNrdFBYM05mVFJDMkFSaVVBaWdCTWdZTk1ZUklPZ1E=-w200-h112-p-df,The Register,,
31,Deus sex machina: the ethics of robot love,,"Nov 24, 2015",,https://news.google.com/read/CBMigAFBVV95cUxQdU9hcmM5dWVVaDBqZmdKc1NBZ1hUN1ZlV3JZU0otalp2c20wOXpYUEdLMmV0S01jY19UZW1nRUlFMW9aQjV4T3VFVmpSU1V1dW8yRFFpcHl5dnlVekpUTGdpRFBGUkRjbm15Nm1OZmtZcGd1Mi1IS3NNbnB4NlVDRw?hl=en-US&gl=US&ceid=US%3Aen,https://news.google.com/api/attachments/CC8iK0NnNUVVM1ZaUWtORFZtTkhZa1V6VFJDd0FSaWZBaWdCTWdhaFFaQU1KUWc=-w200-h112-p-df,The Conversation,,By Sean Welsh
32,Dear first-generation sex robot ...,,"Nov 6, 2015",,https://news.google.com/read/CBMijAFBVV95cUxQblZ3c25HdENwaEdwbkhmV3lHcE9pRGhSaEcwOU5oNWtkY3VrOHdHUWw0V0pMQmk3MXRMWEZyMWt0a2RxY21LN0kyRVJXM2ZiTWs2a3NNaGdITWhhREFSbDUwM0Zra3A0Q1dPT1pzN05pMHAtWk5SeGstRzVJUUU0UTN1Y3hHOERtVFo5Nw?hl=en-US&gl=US&ceid=US%3Aen,https://news.google.com/api/attachments/CC8iK0NnNU1URzk0U2t3MGRYVlVVV0pvVFJDM0FSaVRBaWdCTWdZbHhvYnNRUVU=-w200-h112-p-df,Engadget,,By Christopher Trout
33,"By 2050, human-on-robot sex will be more common than human-on-human sex, says report",,"Sep 29, 2015",,https://news.google.com/read/CBMi1wFBVV95cUxOR3dmZklkUXpzU2JGbV9hT3VHbU1rUVB0RG9aWHQ4bHBCZ2RET3VrRGE2dGljY0duUXlFWEp3c0JTTnFKNFpmV1R3RTRxU2ZBUGx5M0pVNVEyUnBsZGF2VV96NjB6VlJXN2o5X2RFd1l0eXJEWU1rNF9vdWhpbTZNS3VNQU1DeXd0QlN0MVp6TjNpV2dnalY1Z3hDc0JfREQ0R3BMaUh5a0Iyclo4cFgzcHMzdlY2bkJoRHZiQ2xueV9BMVhadWxiSnE1RVNIeVFNTW53YUNOOA?hl=en-US&gl=US&ceid=US%3Aen,https://news.google.com/api/attachments/CC8iK0NnNXlVblJvUlRsVVpUZDJiak5NVFJDcEFSaXFBaWdCTWdZeEVvUXdsUVE=-w200-h112-p-df,The Telegraph,,By Helena Horton
34,"Sex, robots, and virtual reality — the future is now",,"Jun 12, 2015",,https://news.google.com/read/CBMiaEFVX3lxTFBQcy1vd2NsTmRXQmlZTnUzZDhZMVNhbUlfaDY5M2xyZ1U0TGdGMjlyU1NRMUc3X183Y192TndIZmhHdlNxSWQyVzQ3SHh6aGVsaHhHREVuSFJvdzF5Ty1sakYzdmFTLUVm?hl=en-US&gl=US&ceid=US%3Aen,,Fortune,,By Chris Matthews
35,Futurama : “Insane In The Mainframe”/ “I Dated A Robot”,,"Apr 16, 2015",,https://news.google.com/read/CBMiigFBVV95cUxQSmZBbmp2SjllYnFPRnZyc0NubDBwNWpSUjR3VmRfczRYQzhjYm84SGx3LW5Id1ZtVWJySlNtOXJLeE5rajU5aV9yTXhjUmx2Qy14NGgxZm5yR2cwbWhvY1RfWldCV1ViZEFMR3pOUGF5YTQzZl9FUnhqNDVFdUwtUHVuZ2k5dXJQdmc?hl=en-US&gl=US&ceid=US%3Aen,https://news.google.com/api/attachments/CC8iK0NnNUlWREkyTW1selZqSkxWbFpXVFJDb0FSaXNBaWdCTWdhaFU1QlBJUWc=-w200-h112-p-df,The A.V. Club,,By Zack Handlen
36,"Having sex with robots is really, really bad, Campaign Against Sex Robots says",,"Sep 15, 2015",,https://news.google.com/read/CBMi1gFBVV95cUxQZjRXaW5mQlUwb0s2TEdvWDZaSEN4S1dEYVBNbXJ0TF8wNURrcWpEbjhOeDFaY0llMFM3ZkR0SEtIZHE1YTYxWlY5RXVTM1NIOXVvY3hjWFpyQmZFY25nTk4wQ2x0T25ocmg1NkhRVlFUNS1XUE1XeXdBa0FvM2NIV2t0UzM0dTZlSWR1TWJ3SHZGd285elR6anNITFlkTVFDSVJ2V2VNT3QxeldGUURNdnF0cXV3eVJkQU1oWndQY3ZtN1ROb0Q5cE9MU3hOUHVRNktsRGln?hl=en-US&gl=US&ceid=US%3Aen,https://news.google.com/api/attachments/CC8iK0NnNTNVa2RZUzFFNGVXZE5URmw1VFJEQUFSaUhBaWdCTWdZZFZJS3RJUWM=-w200-h112-p-df,The Washington Post,,By Justin Wm
37,"New campaign launches to save us from harmful, lonely life of sex with robots",,"Sep 15, 2015",,https://news.google.com/read/CBMiqwFBVV95cUxNeDEyRHZlSVZjS0lMQkdTd0JTVUozS0pteGg1cjdEelItSGJwd2s0TFdpRndaMmJKTW9jcTlhdEJ5XzFDUTJuNHV6YjJoTWtrUzlkaEJ6Wlk1U1lER2ZET1puQlZDeUZPdmFsRFZPbTlQdm9FLTEwRFpXb1JiRUV1cGlPZHAtbFJzcU5scWF2Qnc5b3lnR2VTb2Eyci12bFNzcmJ1d3RhTlphQVk?hl=en-US&gl=US&ceid=US%3Aen,https://news.google.com/api/attachments/CC8iK0NnNWlUSHB3Um5waWRXbGxhemR5VFJDREFoakRBU2dCTWdZaEpKaXNGUWs=-w200-h112-p-df,GeekWire,,By Molly Brown
38,Should you have sex with robots? Experts weigh in,,"Nov 4, 2015",,https://news.google.com/read/CBMijgFBVV95cUxPQmsxUmNCOVE2VFR6TUdUV2UxcGRvREtrc1NJOHhFdjE4SDZ4ZXVHRnh4MmlvSm9xRzIteVdUSHdxSFpZckh0UDNhT3BXMWJZSFRBWm4yQk1UTDZfdlpzM1pXalp2dFVQWjQyekV2V0Q1UzFOeVM1eTU1TEZkRUwyeWlKeGdQZ0lBZXFaU3h3?hl=en-US&gl=US&ceid=US%3Aen,https://news.google.com/api/attachments/CC8iK0NnNDBRMjFxYzNkdGJXMXZkbEowVFJDM0FSaVRBaWdCTWdhVlE1TE1vUWs=-w200-h112-p-df,CNBC,,By Arjun Kharpal
39,Why a robot's love is better than no love at all,,"Jun 17, 2015",,https://news.google.com/read/CBMigAFBVV95cUxPczBmTUEwcC1ESU85OVRMOVdOR1ZuUTR2QUZienF3OVVSQkJISldPTEJYSE9CRkhYR2RnalZmOW9Zb0Q2UzNQZGJ5Nkx5VXVKQklGbUdEMm1IX2pMaHRIMUxEZ0NfNzk2c3lqU1g1V1U0SmpFeWpGYnpMSC1yVzFMZA?hl=en-US&gl=US&ceid=US%3Aen,https://news.google.com/api/attachments/CC8iK0NnNWZYMEZETm5GaWMzUnFUSE40VFJDM0FSaVRBaWdCTWdhbFpZVE5zUVE=-w200-h112-p-df,Campaign US,,By Shona Ghosh
40,"Sorry, we will not all be having sex with robots in the future",,"Jan 10, 2015",,https://news.google.com/read/CBMif0FVX3lxTE1ZWDVDSG5COWdJZW9OZTFHdDJUY20tV3VfSW93Nk1yMkdOb1hxVTl0YWhPUmpVMWtxWXE2WXBUOHVOX1Zyc1dpWV8ycDktT21FVzFCVjdJVzJOcFR6N2Z4VnAtT2RDd1JpVV9GWTB2VVJhN2k2NkhwWkk1b29iX1E?hl=en-US&gl=US&ceid=US%3Aen,https://news.google.com/api/attachments/CC8iL0NnNU1hVWhEVkRNeGVUUjNWbnBIVFJDdUFSaWhBaWdCTWdtZEZKUXFvaWxzNVFJ=-w200-h112-p-df,The Week,,By Michael Brendan Dougherty
41,Humans Should Be Able to Marry Robots,,"Aug 10, 2015",,https://news.google.com/read/CBMihgFBVV95cUxPcWE5MEEtNEdWaHBpcV9aZ1BYaXRucmozV3A1dklSSXNHSks5OXZfMnJYcnoxUGdTa1UzZ2NmYmZGZkVSQTM4dGl3UWRDN3Z0Ymllc0x5N3lMUHExekJSSHAxeUszRTJOMEd1dmxPZ2t2VTVKbnJiajRjYVpNZG9IU1lCa3czUQ?hl=en-US&gl=US&ceid=US%3Aen,https://news.google.com/api/attachments/CC8iK0NnNVRNM2hrYTIweVFYSjROMVpqVFJDLUFSaUtBaWdCTWdZcGhJeU9NUVk=-w200-h112-p-df,Slate,,By Gary E. Marchant
42,The Problem with Fucking Robots,,"Sep 17, 2015",,https://news.google.com/read/CBMickFVX3lxTE14MWJxMzM4N2tiQ1Q1N0JLZjg2YUJvX05LZ25ZQ0h5YnFMZDFhYjRXOWVGSXQxUVJiX3ZKdFlNdmlDM1hzd3lUSFRPdFROQVh6dFBkRHdJc2c0YTZSdkkzS1ctQ0g0QVo0Ukt3bmtzTUJqZw?hl=en-US&gl=US&ceid=US%3Aen,,VICE,,By Abigail Moss
43,"Sex robots will be 'detrimental' to society, ethicists say",,"Sep 17, 2015",,https://news.google.com/read/CBMiekFVX3lxTE1HV01jZUltUGo2TlNpQXNwRGsxWnBwUnVEcTRsTkM5ZUt1WnFtTDRBaldPcEN2eGdUemxDWjc0QVdpRm0xU2tFcjFMRlZ2QjBCR293MTRUaXZ0SWdGMFQxbjJMNzdXcGtkLUFRTlpVSTlvZG1HeklDUWVB0gFHQVVfeXFMT1NISktmV0lNTVZSVE1VOVdONEFpajZTQllCSFdwQ1Y1NXktUW1nTzYzU0NkTVJpZjdaT1ZhWjlEbktieXlaNms?hl=en-US&gl=US&ceid=US%3Aen,https://news.google.com/api/attachments/CC8iK0NnNXpkbFJWWHpaTk5HbHpOVTlmVFJDb0FSaXJBaWdCTWdhWk01cEpuUWs=-w200-h112-p-df,CBC News,,By Lauren O'Neil
44,Sex Robots vs. Uncanny Valley: 'Realbotix' Project To Develop Life-Size Sex Dolls That Talk Dirty,,"Jun 12, 2015",,https://news.google.com/read/CBMivgFBVV95cUxOQnJRZFdQWnpKai05TmJjdDdMSzFISDRnSi0xQWdDNE1XQlN3eHAtcjlOc3pqdjBnZnBveHNQOHl1VkczYW5iN3dCSG1UTzllOXZnU3h1c2ZLZXc3T1l0UmRabVRZLUJqYVMyWHlnV0RIODdzV3RQUWFNTFJzVEVtWUVvaTFOdHpZeEZwVG9WQVVpbVNrRUloaUJyeGROVjdWeHg3ck5fWHduSWNIUmJwWUQ2Q0htR1ZQbHNHRVp3?hl=en-US&gl=US&ceid=US%3Aen,https://news.google.com/api/attachments/CC8iK0NnNVJNMVZVU1ZWNWQyZE9ObVJQVFJDdkFSaWdBaWdCTWdhaEk0S3RvUVE=-w200-h112-p-df,Medical Daily,,By Lizette Borreli
45,Sex with robots? Androids are coming to our bedrooms and boardrooms,,"Apr 10, 2015",,https://news.google.com/read/CBMiswFBVV95cUxQZWh1czBIall3OGtKS2xJRnFSVGZtZngybVF1UFE5aEdiU3AxWW5VQWc5NTZid09CZmJxQUlSdVlEU2tzUTQ4T3NzTktnUUNacXhUQzNybzNKZ2JPdEhOX2JRUnlMb2R3Z0JzV1NJNEdBRGY4SWIwZGJZZ2xQRHhxTU9NWTV3Q2dhM3h6NC1GbTJvdmJXaWFfM3BEUmxhYmFkZFczdGktZ2FOaER0WHVsRDlrMA?hl=en-US&gl=US&ceid=US%3Aen,https://news.google.com/api/attachments/CC8iK0NnNVBibkJ0TlVveU1tcHRRazlUVFJES0FSajZBU2dCTWdhVkk0eUhKZ2c=-w200-h112-p-df,Genetic Literacy Project,,By David Warmflash
46,Sparks fly over sex robots,,"Sep 25, 2015",,https://news.google.com/read/CBMicEFVX3lxTFBibVZ4NF9IR2ZwQzBROVJYQ3V1elBQQWZZTkRaY1MzZXRmM3dCUlNyQ2RuMi1ZMHZCRlBHYVJoanJHZnpqVWQtOWNJMGlaYWpuRHVwS0VGa0MxRzNmaE1tTUl3ckdWUTFXb0pidXhQaF_SAXBBVV95cUxOTU5iZ0NKb1RJMjFoTjRTYnNBdUp6TllzY1YzNllOeW1TLTNHZkY2OWJiNWliR0l0bnF2TFkzalc3c0ZQVlhLZnhnYXdpeU5wQkZkS3BER09lV1BmVWZSQU15VzRma3FUSzRBS1Z4aGtf?hl=en-US&gl=US&ceid=US%3Aen,https://news.google.com/api/attachments/CC8iK0NnNXJlRkZMTTBvNWIwczBOSE5NVFJDcEFSaXJBaWdCTWdZTlVvekduZ2s=-w200-h112-p-df,코리아타임스,,
47,Hard-wired for love: the ethics of robot sex,,"Apr 17, 2015",,https://news.google.com/read/CBMihwJBVV95cUxQQW5iS05HTHVPZlhMNjdZVjA2Ql9BZWptNDJGWGJNd1lsTVFIbHhMSzZRWG9sQWtEd2tpNXZPOUxHbWVVRVkyM0lLY1hxeWpOakN0V1BtYTZPLXlXT2FMRmota0V5UEdjdlRBZFl5MzB2bHhjQ3VVODV2QnZIRlZDUjlRZGZ4b3BHbWYteGRQRTQzeHhERXp1WkZQa1E2Y1VTVlpxelJIRnc4Tld4OVZEbWRlR1liV0hxS2V3d1FTMTFtdmJtUXVlZnZxTi1KcUpyOEVIZm1CVTZvSi0xNFhycG1HeFYyMV9XWERSTmFWV1Z3UlJydlBVNUF4c3FSS1lOVTR1UFRyc9IBR0FVX3lxTE5CZkNScWxtbXZwMEZkeXN6emNWaURIR3BiaHdJU1l1cVRiRmFOTUZhNGhMMDY1dk1hWmVlVmlWN29lZHlXSXhz?hl=en-US&gl=US&ceid=US%3Aen,https://news.google.com/api/attachments/CC8iK0NnNW1iSE5tTUV4SFNrc3lNelppVFJDb0FSaXJBaWdCTWdZVk5ZYXZtUWs=-w200-h112-p-df,CBC.ca,,
48,Sex robots and the sex trade,,"Oct 28, 2015",,https://news.google.com/read/CBMiZ0FVX3lxTFBfWWRndzU4RS1PX1NWUEM0VWJJR092T25qR180eEduTUpwMnZwUFM0eVJhQTlKMkI1QTM5XzRneEh5NDduaExyZndubm92eTd6alotMTU2ejZ4ZXJJZkcxMThocTEzZkE?hl=en-US&gl=US&ceid=US%3Aen,,New Mandala,,By Kathleen Richardson & Guest Contributor
49,"Futurologist: By 2050, Most of Us Will Be Having Sex With Robots",,"Oct 8, 2015",,https://news.google.com/read/CBMibkFVX3lxTE5Ec19SeE9VV2tXVG5wSnRjZWJxYTl1TmhkbXZjajdLWXFZM2JsVDk1cXJiMzhPZ2NRUTIzN0tyZlQwUmJjb0RzX3JNa1FzZHRsZl9aT0F6d1lOXzBKWDFuYml2azhmQzB4TnZ1VmNn0gFzQVVfeXFMTXctbVlVT3VodWhHcWt3QUp5RV9lQzJJeWtnUHBvMnZIWU4xdUNJN0FsWFdocndJTjNWU0o1bWdWZllUYnNSQ0dSd2lqY1MwUzd3MFdsdmtXOU13SEhOZ1FaT3RrV0NFNWE2MzJkYXZ2VWxvMA?hl=en-US&gl=US&ceid=US%3Aen,https://news.google.com/api/attachments/CC8iK0NnNURNbDl4UzNkWVdWcGxkVUZrVFJDb0FSaXNBaWdCTWdZWnM1Ukt1UVk=-w200-h112-p-df,HuffPost,,
50,"Talk techie to me: RealDoll wants to make sex dolls that move, chat",,"Jun 12, 2015",,https://news.google.com/read/CBMifEFVX3lxTE5NeXp3dlF3bU8xS3djTFAtdGdIOFJndWtpLXZab3JxR0JNenNjXzgtZGJ6aEVvbW0zbUNXLWJtalRqX2J5MUxVQlZPdnJrdVE0R2NqRFVrQ1Y1a01JSmVldzV5dFp4RjdJYjltRFV5THZ1NC1uenMxdG1TNWQ?hl=en-US&gl=US&ceid=US%3Aen,https://news.google.com/api/attachments/CC8iK0NnNUZhV2RzU3pCemVIbzRTM2s0VFJDb0FSaXNBaWdCTWdhcEU0YVBuUVU=-w200-h112-p-df,Yahoo! Voices,,By Danny Gallagher
51,"No sex, please, they're robots, says Japanese android firm",,"Sep 28, 2015",,https://news.google.com/read/CBMiogFBVV95cUxPREV1NUNvdmw4VjZWS0U1eU42M0h5Q2RtYUVQOU1fMDBWODV1Y1JmZ0xialdydWdxRTVLOGRzWFF6WGFhUzJ4VUVRMnFDMXZ2dUJFY2s2ZEtQaXhKQVBVdVE1WU11YkpXZUs3c0lMbVFzY21iUkdycEhvclN2aUh0T0hzQTFLMlBpdFBscVNXNDhFMFFDbVFfUHJPRHlFd0Y1alHSAaIBQVVfeXFMUEJVWE1iMWF5cm9QV1M2Vk1ubVM5REdzYXpHY2ZnOHBRQTY1MktuQUtxMk1BQklBYU1fcGRhTmtMU0dYRDB4aGRsQzVoMkR4NHc4aVY4STlGNVh4eUlCYUVEUkwzZXpwNzdtZ1ZTZ0xiZTVXX0plalF3OTdMMWlSUEl5d0x2WHNHSklyZG1JN0JmOTg1eldBeEJsV0Z0VGs5R0Fn?hl=en-US&gl=US&ceid=US%3Aen,https://news.google.com/api/attachments/CC8iK0NnNDJTVE5GUlVaalJVVmZlSEJhVFJDakFSaTJBaWdCTWdhUlFvRE5JUWs=-w200-h112-p-df,The Guardian,,By Justin Mccurry
52,Is It OK to Have Sex With a Robot?,,"Mar 18, 2015",,https://news.google.com/read/CBMifkFVX3lxTE0xZ0w2QzJSb0dhS1BxblRLQkxidFdFT0lRWTFjcGFLdzFDM3FqVGM3dklkM3pOcjFPcnZvWHU2dGtMWXhtSUZaWXFhNmI0SUp6NnB4bWN3UVhzU1VHdzdIeXFUQ3lnd3dMUHpQQmlEOUEwOUdfVGxabTR1ZEVidw?hl=en-US&gl=US&ceid=US%3Aen,https://news.google.com/api/attachments/CC8iK0NnNTNPVzkyU0MxMWNUSmhWR1o1VFJDekFSaWFBaWdCTWdhaFpaRE1wUWM=-w200-h112-p-df,The Christian Post,,By Christian Post
53,Coming Soon: Sex Dolls That Talk Back to You,,"Jun 11, 2015",,https://news.google.com/read/CBMihgFBVV95cUxOb0JXdnc1NTM0WnNtTHMyMTZnT3luZm9yVWt5dEtWZGlGTVFYcGdPTDRtWUd5emxJaDVlWXJSNXduWDVqbXMya2VPQTNoUHA4cEI3Z3NpcmROX2UwSl9UU0tfbTNNXzRmRHVPV3RJSGwzcWgxZjdsVmlOZE9jRDVzaHBtVC1vQQ?hl=en-US&gl=US&ceid=US%3Aen,https://news.google.com/api/attachments/CC8iL0NnNVVjbTFGVDNoS1IyMTBTa1JHVFJEaEFSamhBU2dCTWdtTk1vYXFwU05WU1FJ=-w200-h112-p-df,The Cut,,By Alex Ronan
54,Robot ethicist calls for ban on sex robots,,"Sep 16, 2015",,https://news.google.com/read/CBMiywFBVV95cUxPQTBPQ2NldXd0ZzNjUEZmVTVzYTRZMEYzOENtTVhSQWpIb2J1dF9Ub3V0TmVucktqRldqWVM1SU9TcmZUYUE4bXhJUFVxNGxsRWFnNHljRlo2UzgwQUs1RXlldUswTUJYaG9wSG5abVRrbnpZdDQ3VzZjUW9mWGFPMGk1am16TW1iM1EwSGpDTHAtMTVoYmY0Sy0wZDFnZGxZVV9UaGkwYkNBR2tZcXBwNkZKZVpQSEotQ2pOUjc3WnZtbmdZQ2lUVk85WdIBR0FVX3lxTE9ZWTI4ZDk4QURrWUxQU3BqZ045VHlHeWczQ0t0REtsSFhRSFM5TGx6OU9XVjdFUHRRRDZ3N2hZVnd2TF96X1BB?hl=en-US&gl=US&ceid=US%3Aen,https://news.google.com/api/attachments/CC8iL0NnNVZPVEpqVEZOeVUxVlJVekZLVFJDb0FSaXJBaWdCTWdreEU0aVB3U1JGeFFJ=-w200-h112-p-df,CBC.ca,,
55,"You Can Now Talk To Your Sex Doll About Golf, If You’re Into That Sort Of Thing",,"Sep 28, 2015",,https://news.google.com/read/CBMitAFBVV95cUxObDRidzJqcE5ubDQ5eTQyUDlsNFNzVWNtWGhoRVlDN1ctbElVV3ZWVTlldjJTY0w4WHdZZE9rOFR1MG4zLUxoOTN3eGNsWG5xNjRlSTJLQl8wa3MyN2xwTHgycXNXUVg4eXJmVWdrcXJRZjZoVGVKS3FmbGstaUExdUVMQmoyRUJrbXdOMWYxWm9xVUk0STJNVC16b0oyUENBcGdvYTlpRm1iZHY3eXI2akpqNm8?hl=en-US&gl=US&ceid=US%3Aen,https://news.google.com/api/attachments/CC8iL0NnNTJWVkkyU1RVMkxWZHlORU5hVFJDb0FSaXNBaWdCTWdtQlFZanZwR2VMamdF=-w200-h112-p-df,Fast Company,,By Charlie Sorrel
56,"Soon, Your Sex Doll Will Have An Intelligent Conversation With You",,"Jun 11, 2015",,https://news.google.com/read/CBMiekFVX3lxTE5Za2pWLUUxQkFCb1BZX3FwSFA5akVxQjFfckM4aS1VTnRxRlBhTlh4dzlvb3pqTTVMN1lYQ2xrdE5zWUVqNjFWbEVoay04QnBoSnE3VFpnYnhhWmFmNVdDTDBYTUxVQUZsdWRUOFUtVWg2QWZsaGE3YVJn0gF_QVVfeXFMUHR6VnpwRWtKdjhWa3dHZHVGVUZnc0UzMWJHTXc3Q0FSTFlIaWl0TkVFa01kUFlkWlNNR0RrWmR1OWJiSmowekYtZGRnNUpsZ0Jsc29DYkZWVWI5N0g4UVJkdVlwQjBlSThuNG5STFR6SGx0alE3cXhpTHJXZURodw?hl=en-US&gl=US&ceid=US%3Aen,https://news.google.com/api/attachments/CC8iK0NnNURNbDl4UzNkWVdWcGxkVUZrVFJDb0FSaXNBaWdCTWdZWnM1Ukt1UVk=-w200-h112-p-df,HuffPost,,By Andy Campbell
57,Japan robot owners warned off droid sex,,"Sep 26, 2015",,https://news.google.com/read/CBMicEFVX3lxTE94enlveURsVV95MGRaNG9qNlpFd1VPSElJNXR6Y0g4a09JNi1yN0FKNkdCMXlHVXFuWWxWYk12SHE4Y1RETk85bi1LQzZ2amlwbkxULXNGRHZhVzVrVDZQa2prMW5ka05hVE1UWUlxSlfSAW9BVV95cUxQSUZaUHl0aHQwOHpMc0puZXV3OEhHTWU4TkcxTlA1ZHZwLUFuZGpsX1JRX1JEckMwaTJLNjdaVWc0ZzJUa2JsR01ZaFcydXJhYkpmZzF1YkNjQ3hEMEVMOV9WQWtFeG54VDZFWTNwcWs?hl=en-US&gl=US&ceid=US%3Aen,https://news.google.com/api/attachments/CC8iK0NnNU9VRU5mZGxwU1NVb3hVVFZWVFJDOUFSaUxBaWdCTWdhQkVKTHJIUWM=-w200-h112-p-df,Phys.org,,
58,The Future of Sex: Will We All Have Robot Boyfriends Someday?,,"Feb 2, 2015",,https://news.google.com/read/CBMia0FVX3lxTFBINHdtb09fZkZlQlduV2dXaXZyLXBHT3BQQ1hRaGphUjJFRndRQjB3Y1VWTEdWRWF6T01DWEowTzIzYkNfcTdlaDRvMW5CSUZSR0cyV2FJSGhvRG5hNW9FQU5PWjd5TnJZbXRr?hl=en-US&gl=US&ceid=US%3Aen,https://news.google.com/api/attachments/CC8iK0NnNUphVW96YzBsSFVuSk1WalYwVFJDNEFSaVJBaWdCTWdhUlpaWXBxZ2c=-w200-h112-p-df,Glamour,,By Jillian Kramer
59,"Sexbots with a “detrimental effect on society” should be banned, say researchers",,"Sep 15, 2015",,https://news.google.com/read/CBMiugFBVV95cUxNUTVnVEhITU9PWUlfRENCTXRhT1A5Y1NmMkZOVVNMX0ZJNkVzSFN6b2J1Z2dEOXpZbHhscnVDTkhrUngtS3puMkhOeThNYk00dk5oT2Z4SjgyT2ZMQ19LamtwRmxuWW5OUmlUdGpobUtMaUZwVXE3TEtMaUxZQThRbHVBT2dDdmVvVllUUHVtV0NYYXFBbGt6NTNqekg1ZjJwWDNkODNsdk1qYWNFOFNUejBuVC1peTVOTlE?hl=en-US&gl=US&ceid=US%3Aen,https://news.google.com/api/attachments/CC8iK0NnNUdXa3RhWjBOVWRpMW5TbFJmVFJDb0FSaXNBaWdCTWdZcFpZaXVMUVk=-w200-h112-p-df,Ars Technica,,By Sebastian Anthony
60,The Future of Virtual Sex,,"Feb 13, 2015",,https://news.google.com/read/CBMickFVX3lxTE1MbExJeUpoNjNrdmFLZ1BaTkVjTzZadjVMZDc3eUpqOEpqcVBZS0JXRF9sZjZodjNCeVJmSkVHWlFMa0RXdXVieGhMa0lWbXczN1Jabi1BWTNRSUV6UnZEUUJKR3lxNmtiaUp5bDdkQVVUZw?hl=en-US&gl=US&ceid=US%3Aen,https://news.google.com/api/attachments/CC8iK0NnNUVPR2hHUTFob1UyRm5hRnB0VFJDM0FSaVRBaWdCTWdZUko1aG9HZ28=-w200-h112-p-df,The Wall Street Journal,,By David J. Linden
61,Will Sex Robots of the Future Actually Be Able to Improve Our Sex Lives?,,"Nov 25, 2015",,https://news.google.com/read/CBMiqwFBVV95cUxNV3liV0dfRjF5QnpXdE1VSG02cTlVeGliMEpuaE0tX0tpTzZQd0xZUHdhalYwUGlhblFkZF9BaHN0X2R5Vi0xaDVXU3E1YndLRmV3OExCVWtaOEliT2hxTVpobnF1eVpVS2V6RllyeWxXYnFwRERlREROQU5mNGxPRVpFOGxMdE9tdGI0Vm1TX1hrV0xVU1d6c3Y2OTJlSVBkMEV2T0ktcUtac00?hl=en-US&gl=US&ceid=US%3Aen,https://news.google.com/api/attachments/CC8iL0NnNXllVkJ2VkhSblZFUndWMUUyVFJDVEFSallBaWdCTWdtQlVaRHhKR2g3N1FF=-w200-h112-p-df,Mic,,
62,Why the latest addition to the sex robot industry is raising tempers,,"Sep 16, 2015",,https://news.google.com/read/CBMinAFBVV95cUxOay1ITEVpdVVibUhOdFdXd1lTUXFLMl9XdTRySTA2ODk4bnJ6UGdyMXJSTkRUdElJQzBzaUdmNkNwcjVXMlVjdTNxZlNOZDVYaVBUbnZLUUIzaW1fRVdtTVVpUWU3eHFCYzRWdzJtWTg3Y3VURGI5TkZjajM1emp0RlQ0VnFXcE5XY0dhSWtENmNoRlAyc3JyWXB4d2Q?hl=en-US&gl=US&ceid=US%3Aen,https://news.google.com/api/attachments/CC8iK0NnNWxOVVExYlZCdVdFRklaRFp4VFJEbUFSamJBU2dCTWdZbGRKS3RMUWM=-w200-h112-p-df,Ventures Africa,,
63,Will Sex Robots Make Real Women Obsolete?,,"Sep 16, 2015",,https://news.google.com/read/CBMigAFBVV95cUxPWFdhRXJTalhCemR1OHRCNDYxV3EtYk1ORC1jVy1nZ0R6UjlqVEJpVUpGSk9RaE1uUi1XeURDSmMtVXF4R2oyS2gybGF4OWxGTURpTWZUVnYxZWgzeHRDemhYa2NJN1k4bktfOF9obXdrM29KeHNUV1V3M19oSGpXVw?hl=en-US&gl=US&ceid=US%3Aen,,TYT.com,,
64,Bring on new sex robots that “can even have an orgasm!”,,"Sep 22, 2015",,https://news.google.com/read/CBMikwFBVV95cUxNeVkyVlp5N2ppRDU4ZU1DQ1o5cF9KZTVldERodzlIcTRmQmVOQjhNRWEwa2hrU013R0RndFk2U05GeTRvZlhUejZyUDVnMjdBUVlYQ2FDc1BJQ1RNOElNMjBZWEJoSHBZQzJuNUV4UHR5NXdDd3Iyal9xR0wtRmVsWTJHQVo4YmdSTnREVm5nTHQ1NjQ?hl=en-US&gl=US&ceid=US%3Aen,https://news.google.com/api/attachments/CC8iK0NnNVFNR3R6ZW5GeFIweFFWMVU1VFJDYkFSakVBaWdCTWdhaFZJaU1wUVU=-w200-h112-p-df,The Gateway Online,,By Pia Araneta
65,Robot sex chickens are here to seduce all of the dominant males,,"May 15, 2015",,https://news.google.com/read/CBMiakFVX3lxTFBIbi00QXlkd25mb3BNY3F3WmJ6MDBIVlBqLVhKZlY4bEpiMUxTcnFiZWZ4R1dSclJxTlBkYUN3TnB2UUh1bVE4V19YbEhhTndDUW0wUnFvMF9pTGJpc0VBeHZiLWk1aHRJUXfSAW9BVV95cUxQckwxWXdjb0VaV3Z5OXZsQ0FWNFV2UjI1MTBQLWlqbFpHY3FoZG15N3ZKcVMxQnA0VUVvMVJPYlJJZWY3ZTBINDVnaTZ4R2poMEp6Qmt3OXNVQy12QTE0dzFlRnVYbXdNdC1HaUFVV28?hl=en-US&gl=US&ceid=US%3Aen,https://news.google.com/api/attachments/CC8iI0NnNUVOMEl3VDNRM1JGTmhTSFEyVFJDZkFSaS1BaWdCTWdB=-w200-h112-p-df,The Daily Dot,,By Curt Hopkins
66,Convicted paedophile calls for CHILD SEX ROBOTS to be made,,"Nov 11, 2015",,https://news.google.com/read/CBMitwFBVV95cUxPRlczT01KdHZJdlVZMWRoa3lVXzhBY1Qxa0dIV3NYSkZYYjdESEFhNWsxd0VubzM3aVpkU1VVcFJsYzRiNWotSEx0aW80eklBLUFHRWZyNmFQb2N4NUZaUGRDQ3VKNmg0RGczbno2cDBLdXJYRTB2V05mNE9Vb2g4QU5MU3NLQ0hBVHlpQVpyMVNfbkRXckpRVVFGTHEzR19nR1JNamFFb2FFR2FoaEc0UHlaa2kxWWPSAbwBQVVfeXFMTnFnSG5kLTl4UGpYYUF2TXp5cDNEUEkyNVNwTWV3NjFZOVNkMndJdjFnTWNtWFRZaGVrNG1tenFRS2ZCVVhDU0VDakZJNUl5VnpFTFQxeVowdkdKTWoxdjByTk9KMlhfekRURzNWdHB3OXpNUEZHa0dYX2xrS1NFWEp5T29SMDU5SDktM0ViMVVHUVRSQ1J3dmFXaWFOUTBaYzlSbkdNRmRXa0VOeTB6OG1MR1owaDNVUXZPa1g?hl=en-US&gl=US&ceid=US%3Aen,https://news.google.com/api/attachments/CC8iL0NnNVRkRlo0ZWsxd016STVjM0owVFJDdEFSaWtBaWdCTWdtTlVaU21LbWM5S0FJ=-w200-h112-p-df,Express,,By Rebecca Perring
67,Sex with robots: reasons not to fear it,,"Sep 21, 2015",,https://news.google.com/read/CBMifEFVX3lxTFBlajE4Zk1UWGdRWFJtY1RNMTFWakk0RmNQR3V4Ymg5akhrVEhXa0NPam9XdWp2NU5Bak91emczUjNEcEFtbjk1aFJEb2ZYdmZvMUtqZzlLbHdmaGtrYzc4cWFWSExnSl9nQ3VBV3Nab0Rabm44VF9yNExTWGs?hl=en-US&gl=US&ceid=US%3Aen,https://news.google.com/api/attachments/CC8iK0NnNTRka0ZHYjNKUWVGTnVVVGN4VFJDc0FSaWxBaWdCTWdZbFZKU3NKUWc=-w200-h112-p-df,TechCentral,,
68,Sex robots: hot or not?,,"Oct 19, 2015",,https://news.google.com/read/CBMiX0FVX3lxTFA0SHg2aDJrR2RRcFUybjE2SXhXSG56WEpGUWhSN3lUZWpPcDByQktZMjlJZ1BXUWlEYXp2bUphakVlTmdvUkNUTjJXaDExVHRRQ2xTVzJyaS04YXdWbDR30gFnQVVfeXFMUFg5ak5DV1ItakZTdWlVbmtlMG1hNU9odU5wdUN6c25jTE9zb2puX1lBYm9jSlpvd1A4RzJZbWk5UGxSQm1ZX0s0THphU3otYXpPdmVidlJuSEhhS05CSC1hakZkUS00RQ?hl=en-US&gl=US&ceid=US%3Aen,https://news.google.com/api/attachments/CC8iK0NnNU5VRlkwYm1SbVVXcHFUVkZwVFJDT0FoaTdBU2dCTWdhWk1vU05IUVU=-w200-h112-p-df,The Peak,,
69,Japanese tech firm reminds customers not to have sex with Pepper the robot,,"Sep 26, 2015",,https://news.google.com/read/CBMiuwFBVV95cUxPS3NlQVFqVkFpRDB4Sld3U0FoVDJGSXA1ckdpZm1BMXEtYzFINktXTWIyY0lhNC1SamRCNWl5NWZ1TDNpN1FvNTdQYVZuamdmb0tscXMxTGJ5NEdlWV95RjRjOV9qa09Gd1hFM3pNUlc3bnlLSEd5R1JHXzRTMmJKWkpuR3gzYTdrV0k3MHRxb0xBOUI4dnZIMUZ1OU04Mlc3QmV3WEJQR0pKNkNpYkZleDZQa2pqQVlSMXcw0gG7AUFVX3lxTE1CNGJBOUhwaW8tSjBvYXptRUkxRWExa3V5bFZOei1SbWNpTnAxdmllZFlpNC1nRWFkT21KM1JZSUZFaDY0d2oxV1ZHdTJGUzlnYl9qamVtSFZXRGF6bmdDTTYwaDk4ajFrNDJKSVRrSFZYWTV5a1pIeTc5R2ViTE1NWHRJdXVoWlNYNDJxMnJJVUtSSmoyWElhMkVQbl83ZjNfRUt5XzJ3Tk45SVlmZXVzRnFDeVoyaHlGWkE?hl=en-US&gl=US&ceid=US%3Aen,https://news.google.com/api/attachments/CC8iK0NnNXZRWG94YUZkTlFVWlFiMnBqVFJDcUFSaXBBaWdCTWdZQk1JeXRGUVk=-w200-h112-p-df,South China Morning Post,,
70,Intelligent machines: Call for a ban on robots designed as sex toys,,"Sep 15, 2015",,https://news.google.com/read/CBMiV0FVX3lxTE10Q2dhV09nVmpMSHk3TVNSYjE2ZHZsT0I5WnNoS3dhMXJvWTlQajlQR0V6Z1M5ZWhCcTRWRDljTjdfd1lWZmFId2xWQ0hxWGVOcXhOWGlhY9IBXEFVX3lxTE9mVmNRX1h1NGN6Q3RaamRCb1FPTXpkSGZKSjNMMnQyQk5kQ1lRSHNBRG5qREtUS3F5NFR0allzaHhrcGhWZnN2UlJXQld1RFNyNWRfWDZmaXNjSng0?hl=en-US&gl=US&ceid=US%3Aen,https://news.google.com/api/attachments/CC8iL0NnNTNUWE5xTTBkeFgwUmFiVVpOVFJDb0FSaXNBaWdCTWdrSkU0WXhyYWZCWXdF=-w200-h112-p-df,BBC.com,,
71,"Tour America’s Premiere, High-End Sex Doll Factory",,"Apr 9, 2015",,https://news.google.com/read/CBMiqAFBVV95cUxNYVQ5VXdxNVE0bnBLU05QWFhpek1GRjRDQzVyUmQxSnRXQ0pac1BWdFN0N1F6dW9VS1ZTdE1WLUNWX2pzXzBkbVRjWmVWbkJCcWg3Mk9VYnJ5Slc5Y2VDRy1TRjNCNDYwUzMzeFYwNHRINklNMGNzTVVfTjFIWXlkSHZzQ3JjQ1FvVFViRWFMXzZfdFRfODRraktwendZN3pjbWJIR25la0vSAa4BQVVfeXFMTzIyRUpCTVk0dUs2MzlzRTlEalpJSl92WmdYcFk3T1hZaVRsVGJESzlFT0YtS2hIWW14UF81NDhseTJEM1p2WmRWcXlfMnoxVzU2b1lJT2FpWmJHMUYwb1FWR3pZaWFudHlrTFIwaEhYVzVmanYyc3FwZm0zZnZtejNMWVdfdmM2X1liU2J5aVR2bmdEZi1QdG1hcXg2bThqUlZYLW1OcXlJR0daSEN3?hl=en-US&gl=US&ceid=US%3Aen,https://news.google.com/api/attachments/CC8iK0NnNHRVbUp4TlRsSlExUkpaVTFrVFJDN0FSaU9BaWdCTWdZVkE0eHZpUW8=-w200-h112-p-df,Rolling Stone,,By Jon Blistein
72,Robot vendor warns users not to have sex with its products,,"Oct 2, 2015",,https://news.google.com/read/CBMioAFBVV95cUxNZDdUTnlfSUxkRTdQZGN3b3dmMS05ZEFfM1R4N1N4bzNEUHJOd0lYcjNWVGExRk9XRVAtVlk4N0xfS3lvOHB5VWNVby1WRTlSX3E0T1EyeXRwQmZjdnM4Q1dQT2RfeEtZRTE3Q1R6a21PX1A0TEVrdDh0dTF5MUZMY1pfQW0zVzZ2TjJiOUNXM2hFSk9aV0dSaDVsbnVuMGV5?hl=en-US&gl=US&ceid=US%3Aen,https://news.google.com/api/attachments/CC8iK0NnNVBaSEpoWkd4dk9XSkRhbFYxVFJDb0FSaXNBaWdCTWdZVkVJYUhrZ28=-w200-h112-p-df,CRN Australia,,
73,Review: Margaret Atwood’s ‘The Heart Goes Last’ Conjures a Kinky Dystopia (Published 2015),,"Sep 29, 2015",,https://news.google.com/read/CBMitgFBVV95cUxQSENycnFkaXdGcEpndUNNOVJJM0JPUjkxV016ZXRKdkQzWUxBVmhjTlBzUllTTW5EVnZtUUhWUUoxZU9TQW5WLWdMRWwyU0tPX3N2U2Y2by1fNXFHYmZSM01RRmk1azlwdFhCYVJZWmhVUWJWUGY1ZmlSRVFJaWJzRUl6WURJeTZCTkFBMHJZX0Z0WmNoaVI2NVhLdXBOVmNhRFIyMWZhSk5QeWlER3FFTmFSMGRKUQ?hl=en-US&gl=US&ceid=US%3Aen,https://news.google.com/api/attachments/CC8iK0NnNVJjWFF4ZG10dk1XRnZORmR5VFJDWkFoaTBBU2dCTWdhVklZenNtQVU=-w200-h112-p-df,The New York Times,,By Sarah Lyall
74,Don’t try and have sex with this robot,,"Sep 28, 2015",,https://news.google.com/read/CBMinwFBVV95cUxOZ2pCWFlzS2NpaGhEOVRtYURGSC1VSUVMdWstZlUtbmQtS2ZRN3NKV0pFV2EwazBncU5RSWsxNXFNek93ZW92cldRMU9EQXJrZVpUaXFmRlNGNGo2WExLNTBRU2NOYWRoUFpnNWZUTkZSWEdaekJLeG43eWRGT004b3hUeFJ1Sld2TXlkX2lIeU1JWGlaS2VQWkMwVE92d2M?hl=en-US&gl=US&ceid=US%3Aen,https://news.google.com/api/attachments/CC8iK0NnNVplRU5NYnpVMU9XTndORVpWVFJDa0FSaTBBaWdCTWdhcFE0NXdwUWM=-w200-h112-p-df,Dazed,,By Hannah Ewens
75,"Robot sex, drone sheep-herding: what you missed at Web Summit",,"Nov 6, 2015",,https://news.google.com/read/CBMiwAFBVV95cUxNUEtIYk9WeFJoLXlwZFJWNURaQTVQamdibVc3QS1qcWV4TlBFTUo2MXE3d28xc0dUUUNvSm5FM3BTT2RRa0VSUFdmMTJ0R004RHZGS3VNMmEzQWFHU2cwYlRrdl9Rb2xRRENyR180Z2FUODFtT1VUcFNUaGdXb19PMkVfMmY5OXE2QkxsTG1xcFFSdGlGV1lPcF9qQmdDS1VOY2stNHQ2NmxJcE14RncyOVVJeVUxenJBVHlSZVV0Z3Y?hl=en-US&gl=US&ceid=US%3Aen,https://news.google.com/api/attachments/CC8iL0NnNWtUakp2WjE5S056Sk1lak50VFJDb0FSaXNBaWdCTWdtTk1vcG1NYVZqaVFJ=-w200-h112-p-df,USA TODAY,,By Rob Pegoraro
76,"Sex robots should be banned because they will harm humanity, say campaigners",,"Sep 15, 2015",,https://news.google.com/read/CBMizAFBVV95cUxOTHlVQi02Z21mdHJSRVFucTBJMnc3bDczcEdRMzk2a3c2RWJxRndoUXZIbUpFRko0eWZJb3cza1ZERWlqTnIwWUdxbTQ2bS13MVp4RkVnMW45Z0dnRnlzd0FCbjlGc01ILV80NjZ6SVliUXhuWlZqSlAxQ29MbjRwM1VXUnYya3k5c29yVVJBVHZGRHZ0c1dMSGxXcVNSb2ktdnZrRWQwWjc2eXpvSldyR3M0T2VTR1dJR0h3cmpINnFZWUZKb1J5RDhLRjk?hl=en-US&gl=US&ceid=US%3Aen,https://news.google.com/api/attachments/CC8iL0NnNUJObkZHWDBaT1NXOWxUakZmVFJDeEFSaWRBaWdCTWdrQlFKS0xvS2RUc2dF=-w200-h112-p-df,The Independent,,By Andrew Griffin
77,Ultra-realistic robot sex dolls face UK ban,,"Sep 15, 2015",,https://news.google.com/read/CBMihAFBVV95cUxQUkcwWFM2anFDOFo2cHlGcnFWUVJ6Ni1IYkE0VGtTV2RrTUFQczFwS2ZxRjg1VjVJNmpCaTl5M3hpRGt1NkYtNVkxMWswVU1IOW05WklFek85M0poWGlBTVd6ZC1nSHVwQXI2TzUxQmt4N0VaSFREWkpLTHJ1QmVYOE15UFbSAYoBQVVfeXFMUEg1bnp5THNEYVRtd0RWSWlLc0JNY1hycWRxR1BpVzRYZkNVYnVMVFU2RnVCR09BRzNmVXhweUhPSWdQSGJ0WnR0ekVmbVp1SGpjM3JkLU1uZXM1Z2xlcC1BMHZJTThWT0pZUUdPRDdvYmVELTN1eHIzQ3hPM1UzZjJsTGVSRGFDNFlR?hl=en-US&gl=US&ceid=US%3Aen,https://news.google.com/api/attachments/CC8iK0NnNXZYMjVhZVVSb2VEZGpiWFZwVFJEQ0FSaURBaWdCTWdhQlFvNHBIZ2s=-w200-h112-p-df,Daily Star,,By Dave Snelling
78,6 NSFW Reasons Why Robots Are The Future Of Sex,,"Aug 5, 2015",,https://news.google.com/read/CBMiiAFBVV95cUxNMlI1ZDRjN01kZl9KaV96NzhySjNhZURYMV8zRU9Ca21pNER1Qk1aOHdLekx0ZUVhSXZteGdKZDZwcURNNHNtcjJkTVFVWGVlZnlTQ3E5UVNRaDZJQklEbWJpa3BibXA1ckFJN2JmM1BiQlhNcmdNbG80OW5NazBSYm5NZ1BTQlhk0gGOAUFVX3lxTE1CU3NtcGJfTlRQajRhS1RFZGJVa2ZVUloyRUJyeHFkYW5NcHdZZ1pveGdjR2NRNmk1OTQxTUZtQzJmUEhwaXNNbkpMQmZyVExsWGUzbmFHcVFTLXRmOE50a1UyQXp1RHpoVVdVVVptQXlsaWZNWnltbjlCZ3VQSDhQZ2RlV1ktSkMxWWRsLUE?hl=en-US&gl=US&ceid=US%3Aen,https://news.google.com/api/attachments/CC8iK0NnNWtUbWhWUTJKdk1WRk1ZbUpWVFJDb0FSaXNBaWdCTWdhWmtZenF0UVk=-w200-h112-p-df,HuffPost,,
79,No Virtual Reality Porn for Oculus Rift,,"Jun 15, 2015",,https://news.google.com/read/CBMie0FVX3lxTE41UHNWbDR4dkVDN0w0MUdLelpmS1NoRUYwT29XakdQaklaMFoxNndkNG1SYi1leE9tdDJveS12eGNiMG54emVPbWlhQkwxeE51LUxRZzN5NWhObW9ySVV6M0cydTkxeldIQ2dObTVXSlU0NTI1a2Fpbk10VQ?hl=en-US&gl=US&ceid=US%3Aen,https://news.google.com/api/attachments/CC8iK0NnNUNMWEpsUXpJd1kzUlNkMEUwVFJDb0FSaXJBaWdCTWdZbEJvWXNFZ3M=-w200-h112-p-df,Reason,,By Elizabeth Nolan Brown
80,These Experts Don't Want You to Have Sex With Robots,,"Sep 27, 2015",,https://news.google.com/read/CBMiZEFVX3lxTFB5NXRTYmxNd3hXaERTRjY4ME9jNlRvX2s0MGRPX3ZVVXMxT1gtbGFpMG9IVFgwemdfUkpqb0RqYTd1QXF5b21neTJvS04zU2pTSndSNXhLVUVFMWRPQmV5SG5KZUY?hl=en-US&gl=US&ceid=US%3Aen,,ATTN:,,By Alex Mierjeski
81,Would you have sex with a robot? One expert wants to ban the 'disturbing' trend,,"Sep 15, 2015",,https://news.google.com/read/CBMiowFBVV95cUxQTlF0N1dvNEtkN2ZZZ2dneGpXWlFBSXJVd1JtTXFBbVA0ZXRfY2xpOTJOOWQzb2lDaEx1TmM5UWNRa21GdV9RMUdIdkJhZTZtRTJFNTQzWGtpYS1oWFBFMHRuaUp6MUJ1QTdmSE1QbVVNS0J1anZGb0ktQlNNVkpad1NBcjZTU3Y3OTY1N1Ywb205NHBRc1RMZG1rbndNZGZFc1pN0gGoAUFVX3lxTE1XYlRndFJPRWNtZF9FQzRKb19Ob0FVbDRUQm1tbngxNkFUcmJZWUg1cjd5cEtRRktYWUxlM05LU24zNWhhUXBfdGtwbkQ5Mmp6LUJIWmhHSWtfd3cxbFdsRDJfTmV2MEdYS2ppejNIMHVpZm1aV0tKclhSSnRQOENMQU11X19JamJpTXJxSndNTUl2d1NHa20yazJubXZnMXdJd2FqbEZqcw?hl=en-US&gl=US&ceid=US%3Aen,https://news.google.com/api/attachments/CC8iK0NnNW1TMFJXVjFoVWRWTmpaVll3VFJEQ0FSaURBaWdCTWdZdEZaVE9FUXM=-w200-h112-p-df,The Mirror,,By Jeff Parsons
82,Rise of the ROBOSEXUALS: Humans will have virtual reality sex by 2030 and droid trysts will be more popular th,,"Oct 6, 2015",,https://news.google.com/read/CBMi_gFBVV95cUxNcnJvMlljQkxxN3gyWnZwQ3JDVEItcHdhV2E2bjYyTjNYUS1nVjJTaGNuemxHbDBONy1tcEpjYVRBa0hnV1NsSEhySFlLWjdfdmprNURtNXkwQjZxSHpERmZ2eDZ1d3NFb2NiVGN5T1hzUGxMWDR4Y0RzVnN2aEVhWElDamNuTmJQbU5DUF8ySnNvWW9qNXMtaUJjaG1Zb1hTTVpUNTlyeGFFbHpmSTVfcF9XOEZqSG1QQWpDeUl4RVk0a3ptNm10cmpWQjR0LU10QkpsOGlPSG94NUVlMl9uXzFXM3dLbEFKZ1B0UEVOUGUwT0x0UEZ5MVd5U2FiZ9IBgwJBVV95cUxNdG8tRXZqbzRnNWR4SWp4ai1wMU1nOVpDN2UxM2UwUVhsRUtxRTZ5QnhEaElyZUdka1pVOFlFeDNDVW4tV1dVY1Nnd1IwejN5TDVVdm5QY1RNMFNZMG1wNUNJdjNadEFkZkZwcnZ6Tk5nMl9lbEJxVVhOWmMwR3F5d0IyMWJ5SG1kTVRDQlczUjhCYjVReTBqWjE3bWsxTnhpY3M0QkhyaURqbDJPcFpucmZjU1A1Ri1WaFl6MFJWUXBlelI1YVZTWXdVM1FmN3U0SVhZU193LXVNR25rSlpYMEFubU5RS2I5UkdQUmRUcGFlWkJCV3FnRE1pbVlFcGpDeTBn?hl=en-US&gl=US&ceid=US%3Aen,,Daily Mail,,By Sarah Griffiths
83,"Talk techie to me: RealDoll wants to make sex dolls that move, chat",,"Jun 12, 2015",,https://news.google.com/read/CBMimwFBVV95cUxQN0NYVVkzamFyc05Jcmh3NVhESmUzamFwQmFtUzFWdmtIOE1aV0VVbU9xMjM2VGpPUzQ4RDNFclpzUWM0VlVtWHFiMU0xT3dXaE9OdGtpdmRqVWtEZEE2ZVh2ZHBOb1JRWm8tRTVxSlRhQVhuZTlvelNmVTBtd2NHdndRMzhPZGx6SHdkVWhEZHY1WFY1UGJ0ZU1mTQ?hl=en-US&gl=US&ceid=US%3Aen,https://news.google.com/api/attachments/CC8iK0NnNU9jMmxLTmxoeVkwaHZUR0ZtVFJDb0FSaXNBaWdCTWdhcEU0YVBIUVU=-w200-h112-p-df,CNET,,By Danny Gallagher
84,Artificial Intelligence Adult Dolls,,"Jul 9, 2015",,https://news.google.com/read/CBMicEFVX3lxTE0xN0pkNmZTb0UzZ3Q0ZjJaWkpJV1hwT3loTDRwV0VVUGY0YjNtNUdRUzZPTkZoOU1KcHZnYm1JZkQzVzVTNTJJMDRVajREZTFpblU1cmNlOFpJZVNpRmRWczJMa3EwN0M2RXhYMVphNGjSAXZBVV95cUxPakJxTE1kLU5DTnBNVHhWLVFaVnVjRkx3emFVOWlUZjZ1QjJNUmozenhGaDZsRm05S3p5ZDQwUDhSS0Q2SVVFNHB1MFNBR2t3RHhQUXF1ZGk5ZFFpVlB3RWowaU5aV0dqNjYyZVhabUE0V05OOG93?hl=en-US&gl=US&ceid=US%3Aen,https://news.google.com/api/attachments/CC8iJ0NnNTVkVFZPUlRSM1ZXNVNRMWd0VFJDMUFSaVdBaWdCTWdPSk1Rdw=-w200-h112-p-df,Trend Hunter,,By Meghan Yuri Young
85,Sex with robots will be ‘the norm’ in 50 years,,"Aug 4, 2015",,https://news.google.com/read/CBMimAFBVV95cUxQQkM1ZDJrZkIzNGJpN09xbjZRWmw5dk1wM1dpdnVaM3JBT2k1M2lBWVRHUmkybUVoR1VCNlVibE5veVpwVmFtX1d6ZDlrekc3WHN5ZElSSU5wbXVwNXZDR2dUdTdMNjBqaHlnTThqS2I4QmlaSnFKdThDMW1tTlNrelpBYzkzYTRKVTlZVGVCVElyTnpIUTNHQQ?hl=en-US&gl=US&ceid=US%3Aen,https://news.google.com/api/attachments/CC8iL0NnNUJObkZHWDBaT1NXOWxUakZmVFJDeEFSaWRBaWdCTWdrQlFKS0xvS2RUc2dF=-w200-h112-p-df,The Independent,,By Christopher Hooton
86,Study Predicts Human-Robot Sex Will Overtake Human-Human Sex by 2050,,"Oct 1, 2015",,https://news.google.com/read/CBMijgFBVV95cUxPWDFDdEo2akhfNEJwOFFQemlZbGpPeXdKSUtqZHJHb0JhbEpNbGgwOFF2ekdYaS1DdVB3T09mRVhaay1xVlh0R05wZVo0aUxIdzc3NmZKTVB5X1JoU1c2UXNUTk5iSGdqZ3ZpWVJ3eHhBejBuT1I5NGw3cVIyRzM2alFKVkxWWXlWUTc1cXVB?hl=en-US&gl=US&ceid=US%3Aen,https://news.google.com/api/attachments/CC8iK0NnNXlaems1TUhsamFGRXhiVEp3VFJDM0FSaVRBaWdCTWdZQmdKUkJPd2M=-w200-h112-p-df,b985.fm,,
87,Creepy ultra-realistic SEX robots are facing UK ban,,"Sep 16, 2015",,https://news.google.com/read/CBMimwFBVV95cUxNbTBhX3hjUjFaZjJUSVZOUi1FMXhYdXBTSGY2UlBCS01CNWJNd2xHSEdpakluR21MZ2l1Z0NvQV84bUZsRmlkckthVWFrWGNqY1VZbzlXRUFvY09QRnpwaXh5UzRkaloyRjZNTnlpRFZ3dlVKYVFObXpRRExqUFRQZFdsSVNwemJIUUpyVDhvTDhpcEs1WHZ4Z1ZpNNIBoAFBVV95cUxONjUxQ3E1RlFEVlZMZkljV0N4S2pGeG0xWkhSTVMwZkl5cGNjSFJyMW9tOUUzS0hZemdSaFpZYks5X2J4aUwwSlB0bWRsbnVfcTlxZ2JucExoXzR0eWVJM2FVc2hDQ20xMG51V1k0SVM5bDloVW5SQVd5cXVkMm05anEyWWZ0SlBUa1k4M3Q4REExUGljMXMxeFhxeFFJU25G?hl=en-US&gl=US&ceid=US%3Aen,https://news.google.com/api/attachments/CC8iK0NnNHdabTVLTkRaWFNVUXljWG90VFJDdEFSaWtBaWdCTWdZZEZwenNsUW8=-w200-h112-p-df,Express,,By Aaron Brown
88,Serious Argument: The Right to Marry a Robot,,"Aug 26, 2015",,https://news.google.com/read/CBMif0FVX3lxTE45UURSSGV0aDhKekszZjRpbnVzTkZHUXBmSi1wUUJIZUZjRURKM0kyZmU4M21SaVIyeVBGTjRHMDExbDFGVHR1c3ZFTk5YZ3hHZU1kN2l0NHBWVUk1ZXp5Y3ZsajRHSjR1WnFVRFlBSWhSbmZqUkl6ODV6MTRMcFk?hl=en-US&gl=US&ceid=US%3Aen,https://news.google.com/api/attachments/CC8iK0NnNXllWEpwVFROUVJqUnNWR1JwVFJER0FSal9BU2dCTWdhUlVvajFwQWc=-w200-h112-p-df,Aleteia,,By Denyse O'Leary
89,Want this robot? First you must promise not to have SEX with it,,"Sep 23, 2015",,https://news.google.com/read/CBMingFBVV95cUxPcnlsdFRSdDJQTUg4cXRneGZyVktoV3A4Qld5WEVNdFJvYUcyNHBTVm1IcDRZdGc3eko4ZlcyMDY4cW9ZY3p0TGtIa0dFUkJGN1huNldaWnQ0am5iLVVRYWl1RVo5cGRyUzlZVWphYTZxazk2V2tyWTFldWZaaVNiMjVKUmdDZE5oQkRWN0IzZGQ2cXY5clkta3N4ZE40QdIBowFBVV95cUxPX2ZLbExyMDFJOFdkVjVtbVVCZG9rV3A5cnJlUHF6Um53ZGRVMUQ2OEM1RkZVZmFCb2pXLWZTT2VpdFgwYjQ0M3M3VHZMQWtqZi1nbXBnWlFxbFUteVpROGJ1RExBd0NNbHVuTG1NTWZqSTlDRWlGQUpqZERIcDhzZG1sVzRsb214bnVnLXM0ejVoR3B5NW1fckVxVHRGZE4zZ1hN?hl=en-US&gl=US&ceid=US%3Aen,https://news.google.com/api/attachments/CC8iL0NnNXBVREl6UTBWSU5WUk5iM3A0VFJDdEFSaWtBaWdCTWdrTkFJakZpcXRyU1FJ=-w200-h112-p-df,Express,,By Aaron Brown
90,Are Sex Robots the Future?,,"Nov 22, 2015",,https://news.google.com/read/CBMid0FVX3lxTFB4OEFpRFgyWjdkTVhxTnZNRy1zWkMtRW95ZHBZTTF1aThYUVlCRTJqZGlSQUFsaWhfMEJqRUJpUC1IOVpJS3lmLVlDZlJrakM0T1h1M3cyR2lNVlVZRTFfWkt6cEVMWTZkZnZSZllSQjRZUVJVRHd30gGCAUFVX3lxTE53RnM1aWxWT3IzWE0xOWJkdWkwX3hqeG5OX3h0Ni1xSDZCLUc3dFBvVHVUTWFJWTlsZGxWdWktVG52YmVhZzRhM29LMnIyYzdkNS14VUM4amhKNHh3THZkTWFaMFFqbjlZdkxZeG5BWWo3T1M0Qy13VzBzeUNaekJ6OHc?hl=en-US&gl=US&ceid=US%3Aen,,Thrillist,,By Jeremy Glass
91,Sex-with-robots conference banned in Malaysia,,"Oct 14, 2015",,https://news.google.com/read/CBMiggFBVV95cUxOZWFndFNzUHFPZHpPRWt5bEFyZUFKZFMyblE3TmhueG1NUlpNYXB5aGJwcExNdkc5NEV3bUNhRXVmT0loN2ptNDl1YVhXSHJYNmpKeHM1b3lvZnZoeW9OV1F3Vk85OWd0QUg2NWdJQTljN2w2amtYaU80cTQ3OE1PWmZR?hl=en-US&gl=US&ceid=US%3Aen,https://news.google.com/api/attachments/CC8iL0NnNVhkakp3UW1oUmEwSjNkbWd4VFJDM0FSaVRBaWdCTWdrVkE0b3lpU3VxNHdJ=-w200-h112-p-df,New York Post ,,
92,"No Sex Please, We’re Robots",,"Oct 2, 2015",,https://news.google.com/read/CBMiakFVX3lxTFBVT3VEQU1rTngxRXVxNmRhREk0VjJ5TkltUFIzZE43aVEyQ29DaWQ5RW56ckVFb2ZEVGlsby1mcGtyZWlFNVhVN2VVNTFZaEY3WnVOYXpmQWp2VjU2VVpvNGVlellRWFVXX1E?hl=en-US&gl=US&ceid=US%3Aen,https://news.google.com/api/attachments/CC8iKkNnNXdPSGxNVmtGSlNUYzBZa0ZHVFJCOUdKSURLQUV5QmdsZ2pNYkNCQQ=-w200-h112-p-df,Hackaday,,By Al Williams
93,Japan robot owners warned off droid sex,,"Sep 26, 2015",,https://news.google.com/read/CBMihwFBVV95cUxQSlQ5VThUWjcwcC1MUkVSV3NNZ2xSVnV6eDdPSWNqZ3RJRUZ2R0JXMWM1ZGd2ajJJd25aWnNRUk1SenlPQnQ2VWE5d3NiN1RENG5xUUpvTzlhUTd5WURGTmRKV1NqaHNfektlN05xUl81RjA0Zm15b3pVUkY4WmY0UEdaUkZEMUk?hl=en-US&gl=US&ceid=US%3Aen,https://news.google.com/api/attachments/CC8iK0NnNUVXSGcxTFhsRGNETnZRMHh5VFJDOUFSaUxBaWdCTWdhQkVKTHJuUWM=-w200-h112-p-df,Yahoo Singapore News,,
94,"Rise of the sexbot: By 2050, sex with robots will be more common than with humans",,"Oct 3, 2015",,https://news.google.com/read/CBMilgFBVV95cUxNc0tLdTBMeEdVY0YyeUQ5aU9UbjRud1dEcEphUFk5TjgtdHEzQzc0UVdURmIzMjZOeEJqZWwyX25faVlaVm5ONlc4NWszVmEwWjN6WlM4eWpnNVlQNElRTzJ3N3UweHlNbFVjcEQ2N05EcExOc1UxLW5xYmVlRkpGNjR0aTJIMjA4Z2hySzBrdXRrUHdsd0E?hl=en-US&gl=US&ceid=US%3Aen,https://news.google.com/api/attachments/CC8iL0NnNWpja2x6U0RsRmIwaERhVk55VFJDM0FSaVRBaWdCTWdtWkk0Q01JYVZ6dGdB=-w200-h112-p-df,IBTimes UK,,By Fiona Keating
95,‘Ex Machina’ Is The Erotic Tale Of One Boy’s Affair With A Billionaire MRA’s Sex Robot,,"Apr 23, 2015",,https://news.google.com/read/CBMisgFBVV95cUxOeFZQcGhCYXhPcmpaZ0ppVjljY1JJTzBBZU1OVHVHOWVDcko0WjBaQ2RURUl1RF80aEE2enU5cWlhQXM2Q0duaW1nX0E2eVo0djVQdzhBTTlCM2tKWmxsbHp4bk1qb1luNWJqUUZ0OWVFWmFiamE1UUZXYzhQTFUweWR5TkFLUGRvTVVLbFUyQ2I1NnMtU0FvZE0tQjFET0E3ajNPRjdwdW5HQmMyT1R5clNB?hl=en-US&gl=US&ceid=US%3Aen,https://news.google.com/api/attachments/CC8iK0NnNVdkRTgwYm5GdWJVOUpVaTFNVFJDWUFSak1BaWdCTWdZQlVZNnlwQWM=-w200-h112-p-df,UPROXX,,By Vince Mancini
96,"I, Sexy Robot: The Female Problem With Artificial Intelligence On Screen",,"Jul 7, 2015",,https://news.google.com/read/CBMikAFBVV95cUxQdDRjcTZNR3pHSkxaX3Y2SDVmU1pNTWhxRjk0ZjB4ZzllQWVjdzhoVG80cy0yaUgwNnlmdS1EaDFEbWdHZUlxeDU4REJRNkVVc3FMZlJuMVVnYlFTME1qUFJVVzVxUzN2YWFqTTBfZloydC0yRmhSOFRXMmxCYlJrLVdnNDc0NDU5OExFeF9wZlA?hl=en-US&gl=US&ceid=US%3Aen,https://news.google.com/api/attachments/CC8iK0NnNDVOazF3WkZsTE5uUkxVSEI2VFJDM0FSaVRBaWdCTWdheE5KcVFIUWs=-w200-h112-p-df,Refinery29,,By Erin Donnelly
97,The 8 Best Things About Sex in the Future,,"Apr 28, 2015",,https://news.google.com/read/CBMilwFBVV95cUxNQ0FvZ2czMHlFMmRtd2o2RHZNM0lmM3dObXdqR0ZxdjI3dmJ3YW8xR1lJNko4UmlxWEpISnJobDJiV2xtWnU5bWpVc2wyM1c3blAzcDI3Y2lxLTVEbVhXVzJ3YWFkeDlidlJWbW9lZ25qRGFsOGQyTXBmY3o3Sm5rNHhoc0lqYXlyVnFRX3NGRW03bHBsNDFJ?hl=en-US&gl=US&ceid=US%3Aen,,Cosmopolitan,,By Rebecca Rose
98,"'Sex robots are unethical', campaign calls for ban",,"Sep 16, 2015",,https://news.google.com/read/CBMimAFBVV95cUxPNjNoMU9FVVpmTmphQUJqcF9GUmpES1NmQ0YzaTFwTEFzV2pleEFsQ1pTckNIbC1lVDdrQ1JGS2ZfV3Jka1pkczZmRlpEay1MOEhrVnNLR3JZRE15akowNzlBT1hDa1pXb3h1aEVGd3hWVnNKXzlYR0dreXVvQXRveGNjRnhvNkIxcF9DMXdXQjM5aTZqdnRRQw?hl=en-US&gl=US&ceid=US%3Aen,,News18,,
99,Great Moments in Robot-Penis History,,"Aug 27, 2015",,https://news.google.com/read/CBMifEFVX3lxTE5RUXhQbkFSUmxJR281ZzYyZUZsbHRlSVdCY1dNT3QwOVBpWUUwRkxlTVdTUEhVbHBqNEZIWDAxVGlyLXZnNHFWbXB2TnZkZ3ZvaGxaNGg4ZGRvb3FkZjU2LVpZUU5MZjAtY1ladVVrYjZ6YUUzcGMzUmVpR0E?hl=en-US&gl=US&ceid=US%3Aen,https://news.google.com/api/attachments/CC8iK0NnNVdOMU5mUmxjelZHOHpORzVFVFJEaEFSamhBU2dCTWdZcFZJck5wUWM=-w200-h112-p-df,The Cut,,By Allison Davis
